{
	"pages": [ //pages数组中第一项表示应用启动页，参考：https://uniapp.dcloud.io/collocation/pages
		{
			"path": "pages/index/index",
			"style": {
				"navigationBarTitleText": "uni-app"
			}
		},
		{
			"path" : "pages/signup/signup",
			"style" : 
			{
				"navigationBarTitleText" : "",
				"enablePullDownRefresh" : false
			}
		},
		{
			"path" : "pages/login/login",
			"style" : 
			{
				"navigationBarTitleText" : "",
				"enablePullDownRefresh" : false
			}
		},
		{
			"path" : "pages/mine/mine",
			"style" : 
			{
				"navigationBarTitleText" : "",
				"enablePullDownRefresh" : false
			}
		},
		{
			"path" : "pages/password/password",
			"style" : 
			{
				"navigationBarTitleText" : "",
				"enablePullDownRefresh" : false
			}
		},
		{
			"path" : "pages/message/message",
			"style" : 
			{
				"navigationBarTitleText" : "",
				"enablePullDownRefresh" : false
			}
		}
	],
	// 底部的导航栏
	"tabBar": {
		"color": "#7A7E83",
		"selectedColor": "#339fff",
		"borderStyle": "black",
		"backgroundColor": "#ffffff",
		"list": [{
			"pagePath": "pages/index/index",
			"iconPath": "static/tab-home.png",
			"selectedIconPath": "static/tab-home-on.png",
			"text": "广场"
		},  {
			"pagePath": "pages/message/message",
			"iconPath": "static/addb.png",
			"selectedIconPath": "static/addb.png",
			"text": "发布"
		},{
			"pagePath": "pages/mine/mine",
			"iconPath": "static/tab-my.png",
			"selectedIconPath": "static/tab-my-on.png",
			"text": "我的"
		}]
	},
	"globalStyle": {
		"navigationBarTextStyle": "black",
		"navigationBarTitleText": "uni-app",
		"navigationBarBackgroundColor": "#F8F8F8",
		"backgroundColor": "#F8F8F8"
	},
	"uniIdRouter": {}
}
